{"cameraMode":{"drawMode":0,"name":"Shaded","section":"Shading Mode"},"sceneLighting":true,"audioPlay":false,"sceneViewState":{"showFog":true,"showMaterialUpdate":false,"showSkybox":true,"showFlares":true,"showImageEffects":true,"showParticleSystems":true},"in2DMode":false,"pivot":{"x":-0.27943551540374758,"y":0.16289439797401429,"z":2.8169851303100588},"rotation":{"x":0.12030486017465592,"y":-0.22720547020435334,"z":0.028286760672926904,"w":0.9660062193870544},"size":3.1626644134521486,"orthographic":true}